date,code,sex,dob,race_ethnicity,adult_juv
3/13/16,602.5,F,7/14/98,H,juvenile
10/7/15,10851(a) VC,M,2/14/99,H,juvenile
10/7/15,10851(a) VC,M,2/2/00,H,juvenile
11/2/16,10852 VC,M,9/16/01,W,juvenile
1/23/20,11352(a) H&S,M,7/17/05,H,juvenile
3/2/17,11357(a) H&S,M,8/18/00,H,juvenile
10/12/16,11359 H&S,F,7/4/00,H,juvenile
6/2/17,1203.2 PC,M,5/19/00,H,juvenile
4/21/16,1203.2(a) PC,M,11/11/98,H,juvenile
6/14/19,12500(a) VC,M,6/27/01,H,juvenile
10/29/15,12500(a) VC,F,8/24/98,H,juvenile
11/28/15,12500(a) VC,M,9/8/98,H,juvenile
1/3/16,12500(a) VC,M,7/21/99,H,juvenile
2/5/16,12500(a) VC,M,8/24/00,H,juvenile
5/8/16,12500(a) VC,M,3/18/99,H,juvenile
6/25/16,12500(a) VC,M,11/4/99,H,juvenile
1/23/17,12500(a) VC,M,7/4/00,W,juvenile
2/12/17,12500(a) VC,M,6/21/99,H,juvenile
2/17/17,12500(a) VC,M,4/16/99,H,juvenile
4/15/17,12500(a) VC,M,1/20/00,H,juvenile
8/17/17,12500(a) VC,M,3/1/00,H,juvenile
1/9/18,12500(a) VC,M,5/5/00,H,juvenile
1/21/18,12500(a) VC,M,6/11/04,H,juvenile
7/19/17,12500(a) VC,M,9/23/00,U,juvenile
5/4/18,12500(a) VC,M,6/17/02,H,juvenile
8/5/19,12500(a) VC,F,10/29/02,H,juvenile
3/24/17,12500(a) VC,M,5/19/99,H,juvenile
11/13/16,12500(a) VC,M,12/20/00,H,juvenile
4/28/16,12500(a) VC,F,9/20/98,W,juvenile
11/4/18,12500(a) VC,M,11/19/01,H,juvenile
11/29/17,O/W-Warrant,F,7/17/03,HSD,juvenile
9/12/17,148(a)(1) PC,F,7/17/03,H,juvenile
9/12/17,148(a)(1) PC,M,8/18/00,H,juvenile
9/12/17,148(a)(1) PC,M,9/19/02,H,juvenile
6/9/18,148(a)(1) PC,M,1/29/02,H,juvenile
9/12/17,16590(o) PC,M,7/15/02,H,juvenile
2/10/16,182 PC,F,3/3/01,H,juvenile
12/23/16,182(a)(1) PC,M,5/19/00,H,juvenile
12/23/15,182(a)(1) PC,M,7/31/00,H,juvenile
10/2/16,182(a)(1) PC,M,11/8/01,H,juvenile
12/23/16,182(a)(1) PC,F,1/9/01,H,juvenile
9/25/16,182(a)(1) PC,M,8/18/00,H,juvenile
8/21/19,20002(a) VC,M,10/7/01,W,juvenile
1/5/17,211 PC,M,10/14/00,H,juvenile
7/15/19,21453(b) VC,M,10/2/03,H,juvenile
5/9/17,23152(a) VC,M,2/18/00,H,juvenile
6/1/19,236 PC,M,6/7/02,H,juvenile
11/16/16,242 PC,F,8/20/02,W,juvenile
5/23/19,242 PC,M,6/7/02,H,juvenile
10/20/15,243.2 PC,M,7/4/00,H,juvenile
4/18/16,243.4(a) PC,M,8/30/98,H,juvenile
9/25/17,243(d) PC,F,12/13/01,W,juvenile
2/16/17,245(a)(4) PC,M,5/13/01,H,juvenile
10/26/15,25662(a) B&P,M,8/18/00,H,juvenile
12/21/16,25662(a) B&P,M,10/1/01,H,juvenile
1/23/17,25662(a) B&P,F,1/9/01,H,juvenile
1/23/17,25662(a) B&P,M,8/18/00,H,juvenile
9/9/17,25662(a) B&P,F,10/6/99,H,juvenile
12/18/17,272(a)(1) PC,M,8/18/00,H,juvenile
1/25/17,273a(a) PC,M,10/1/01,H,juvenile
5/11/19,350(a) H&S,M,6/7/02,H,juvenile
10/20/15,415(1) PC,M,8/11/99,H,juvenile
10/20/15,415(1) PC,M,3/1/00,H,juvenile
9/16/16,451(b) PC,M,1/8/01,H,juvenile
11/11/16,459 PC,M,11/8/01,H,juvenile
11/11/16,459 PC,M,9/19/02,H,juvenile
11/11/16,459 PC,M,10/1/01,H,juvenile
11/16/16,459 PC,M,6/7/99,H,juvenile
1/20/18,459 PC,M,8/18/00,H,juvenile
11/15/16,459 PC,M,8/18/00,H,juvenile
5/13/19,484(a) PC,M,6/7/02,H,juvenile
6/27/19,484(a) PC,M,6/7/02,H,juvenile
8/27/18,484e(a) PC,M,6/27/01,H,juvenile
4/14/16,488 PC,F,1/9/01,H,juvenile
9/25/16,488 PC,M,11/14/99,H,juvenile
3/2/17,488 PC,M,8/18/00,H,juvenile
3/7/17,488 PC,M,10/14/01,H,juvenile
7/30/17,488 PC,M,2/16/05,H,juvenile
9/14/17,488 PC,M,5/7/03,H,juvenile
4/3/19,488 PC,M,6/7/02,H,juvenile
12/15/15,496(a) PC,M,1/6/99,H,juvenile
3/19/17,496(a) PC,M,9/19/02,H,juvenile
9/15/16,530.5(a) PC,M,10/1/01,H,juvenile
9/16/16,530.5(a) PC,M,6/27/02,H,juvenile
3/2/18,594(a)(1) PC,M,1/20/04,H,juvenile
3/13/16,602.5(a) PC,M,7/7/98,H,juvenile
4/3/17,602.1(d) PC,M,10/1/01,H,juvenile
3/14/16,602.5(a) PC,F,4/26/01,B,juvenile
3/14/16,602.5(a) PC,M,9/16/01,W,juvenile
3/15/16,602.5(a) PC,F,1/9/01,H,juvenile
12/12/16,602(1) PC,M,8/29/99,H,juvenile
12/12/16,602(1) PC,M,6/7/99,H,juvenile
12/12/16,602(1) PC,M,8/18/00,H,juvenile
12/4/18,626.10(a) PC,M,6/16/04,W,juvenile
9/19/16,647(f) PC,M,7/4/00,H,juvenile
6/2/17,777 W&l,M,10/14/01,H,juvenile
9/9/17,Muni Code,M,6/27/01,H,juvenile
9/9/17,Muni Code,M,8/18/00,H,juvenile
9/9/17,Muni Code,M,9/19/02,H,juvenile
11/10/17,O/W-Warrant,F,7/17/03,H,juvenile
8/8/18,159 PC,F,9/18/93,H,adult
5/9/16,O/W-Warrant,M,7/31/77,H,adult
6/24/16,O/W-Warrant,M,10/3/86,W,adult
6/26/16,O/W-Warrant,M,5/23/93,H,adult
7/3/16,O/W-Warrant,M,2/11/95,W,adult
9/7/16,O/W-Warrant,M,10/20/88,H,adult
12/20/17,O/W-Warrant,M,5/29/87,H,adult
5/8/19,O/W-Warrant,M,2/19/83,W,adult
9/15/17,O/W-Warrant,M,2/11/95,W,adult
9/18/19,11377(a) H&S,M,6/3/89,W,adult
10/15/15,10851(a) VC,M,4/5/96,H,adult
4/28/16,10851(a) VC,M,12/10/96,H,adult
12/5/16,10851(a) VC,M,4/11/88,W,adult
9/16/17,10851(a) VC,M,2/18/89,H,adult
1/26/18,10851(a) VC,M,6/11/92,H,adult
2/24/18,10851(a) VC,M,8/30/03,W,adult
1/30/20,10851(a) VC,F,5/27/94,W,adult
9/6/15,10851(a) VC,M,7/4/97,H,adult
7/26/16,10851(a) VC,M,11/21/91,W,adult
2/5/16,11350(a) H&S,M,10/17/97,W,adult
2/26/16,11350(a) H&S,M,1/1/86,W,adult
2/26/16,11350(a) H&S,M,7/24/89,W,adult
3/3/16,11350(a) H&S,M,12/2/82,W,adult
7/9/16,11350(a) H&S,M,1/4/84,W,adult
9/9/16,11350(a) H&S,M,11/10/93,W,adult
3/10/18,11350(a) H&S,F,2/6/93,H,adult
6/13/18,11350(a) H&S,F,11/17/96,W,adult
7/19/16,11350(a) H&S,M,11/26/77,W,adult
7/12/15,11350(a) H&S,M,3/18/89,W,adult
12/30/17,11350(a) H&S,M,6/4/88,W,adult
9/19/16,11357(a) H&S,M,6/26/98,H,adult
11/7/16,11357(a) H&S,M,4/20/96,H,adult
7/30/15,11357(b) H&S,F,1/2/88,H,adult
4/13/16,11357(d) H&S,F,10/28/97,H,adult
4/28/17,11364 H&S,F,5/29/87,H,adult
7/7/17,11364 H&S,M,2/11/95,W,adult
10/11/17,11364 H&S,M,2/11/95,W,adult
10/13/17,11364 H&S,M,12/27/62,W,adult
8/22/19,11364 H&S,F,2/11/95,W,adult
9/7/17,11364.1(0) H&S,F,1/7/63,W,adult
5/24/17,11364(a) H&S,F,1/7/63,W,adult
8/25/17,11364(a) H&S,M,1/2/69,W,adult
11/4/17,11364(a) H&S,M,11/1/94,W,adult
9/28/19,11364(a) H&S,M,2/6/93,H,adult
2/19/20,11364(a) H&S,M,2/11/95,W,adult
9/15/17,11364(a) H&S,M,9/20/75,H,adult
2/18/19,11364(a) H&S,M,1/7/63,W,adult
9/19/15,11377(a) H&S,M,6/5/97,H,adult
11/28/15,11377(a) H&S,M,6/14/86,W,adult
4/11/16,11377(a) H&S,M,1/7/63,W,adult
5/5/16,11377(a) H&S,M,4/24/90,W,adult
5/7/16,11377(a) H&S,M,10/6/96,H,adult
6/30/16,11377(a) H&S,M,10/24/72,H,adult
7/19/16,11377(a) H&S,M,7/17/94,W,adult
10/9/16,11377(a) H&S,M,1/7/69,W,adult
11/10/16,11377(a) H&S,M,4/11/88,W,adult
2/10/17,11377(a) H&S,M,10/14/85,H,adult
5/12/17,11377(a) H&S,F,3/23/59,W,adult
7/29/17,11377(a) H&S,F,2/11/95,W,adult
8/1/17,11377(a) H&S,M,4/30/62,W,adult
8/30/17,11377(a) H&S,M,8/8/81,H,adult
7/6/15,23152(a) VC,M,1/12/89,O,adult
10/22/17,11377(a) H&S,M,2/3/76,W,adult
1/15/18,11377(a) H&S,F,3/14/86,W,adult
3/29/18,11377(a) H&S,M,9/25/75,W,adult
5/29/18,11377(a) H&S,M,8/9/73,W,adult
8/5/18,11377(a) H&S,M,12/27/72,H,adult
11/23/18,11377(a) H&S,M,6/16/79,H,adult
8/11/15,14601.2(a) VC,M,3/24/48,W,adult
7/30/19,11377(a) H&S,M,1/7/63,W,adult
8/4/19,11377(a) H&S,F,8/9/77,W,adult
9/7/19,11377(a) H&S,M,1/7/63,W,adult
12/19/19,11377(a) H&S,F,1/7/63,W,adult
10/19/18,11377(a) H&S,M,2/11/95,W,adult
7/28/19,11377(a) H&S,M,12/30/84,W,adult
5/13/16,14601.1(a) VC,M,8/24/82,B,adult
10/16/15,11377(a) H&S,M,3/24/48,W,adult
1/5/19,11377(a) H&S,M,8/4/51,W,adult
7/19/15,11377(a) H&S,M,1/7/63,W,adult
1/10/18,11377(a) H&S,M,2/3/76,W,adult
7/19/15,11550(a) H&S,M,1/2/69,W,adult
4/5/18,12500(a) VC,M,10/27/59,H,adult
1/29/19,12500(a) VC,M,9/22/96,H,adult
7/21/17,1203.2 PC,M,3/7/80,H,adult
7/1/16,12500(a) VC,M,3/14/98,H,adult
9/16/16,12500(a) VC,F,7/14/74,W,adult
6/30/18,12500(a) VC,M,5/22/98,H,adult
1/27/20,12500(a) VC,M,12/29/95,H,adult
11/17/17,12500(a) VC,M,8/8/88,H,adult
7/4/15,12500(a) VC,M,4/16/77,H,adult
8/4/15,12500(a) VC,M,6/11/78,H,adult
8/18/15,12500(a) VC,M,6/21/61,H,adult
8/19/15,12500(a) VC,M,1/9/83,H,adult
10/20/15,12500(a) VC,M,1/8/87,H,adult
10/27/15,12500(a) VC,M,5/4/42,H,adult
11/13/15,12500(a) VC,M,12/12/95,W,adult
11/16/15,12500(a) VC,M,1/17/90,H,adult
11/22/15,12500(a) VC,M,2/27/93,H,adult
11/23/15,12500(a) VC,M,5/27/97,H,adult
11/30/15,12500(a) VC,M,8/7/57,H,adult
12/3/15,12500(a) VC,M,4/27/76,H,adult
12/11/15,12500(a) VC,M,12/9/95,H,adult
12/11/15,12500(a) VC,F,6/22/77,H,adult
12/27/15,12500(a) VC,M,7/12/89,H,adult
1/2/16,12500(a) VC,M,6/3/91,H,adult
1/4/16,12500(a) VC,F,1/31/85,H,adult
1/6/16,12500(a) VC,M,5/1/97,H,adult
1/10/16,12500(a) VC,F,8/17/92,H,adult
1/25/16,12500(a) VC,F,1/6/77,W,adult
2/14/16,12500(a) VC,M,12/4/97,W,adult
2/16/16,12500(a) VC,M,6/12/72,H,adult
2/29/16,12500(a) VC,M,10/10/78,H,adult
2/29/16,12500(a) VC,M,1/15/88,H,adult
3/7/16,12500(a) VC,M,11/25/81,H,adult
3/21/16,12500(a) VC,M,12/24/81,H,adult
4/10/16,12500(a) VC,M,4/1/73,H,adult
4/24/16,12500(a) VC,M,11/5/52,W,adult
5/8/16,12500(a) VC,M,3/2/61,H,adult
5/10/16,12500(a) VC,M,7/21/83,H,adult
6/2/16,12500(a) VC,M,9/28/89,W,adult
6/4/16,12500(a) VC,M,9/28/76,H,adult
6/13/16,12500(a) VC,M,1/5/86,W,adult
6/20/16,12500(a) VC,M,2/22/80,H,adult
7/7/16,12500(a) VC,F,7/16/68,H,adult
7/10/16,12500(a) VC,M,4/12/82,B,adult
7/16/16,12500(a) VC,M,12/29/76,H,adult
8/19/16,12500(a) VC,M,8/31/97,H,adult
9/2/16,12500(a) VC,F,8/5/86,H,adult
9/5/16,12500(a) VC,M,3/29/86,H,adult
11/2/16,12500(a) VC,M,8/2/94,H,adult
11/10/16,12500(a) VC,M,3/14/75,H,adult
11/14/16,12500(a) VC,M,4/18/50,H,adult
11/20/16,12500(a) VC,F,11/19/58,H,adult
12/10/16,12500(a) VC,M,1/5/89,H,adult
12/18/16,12500(a) VC,M,4/21/70,W,adult
12/23/16,12500(a) VC,M,5/21/70,W,adult
1/15/17,12500(a) VC,M,9/28/92,W,adult
1/16/17,12500(a) VC,M,11/30/84,H,adult
1/30/17,12500(a) VC,M,2/4/85,H,adult
2/16/17,12500(a) VC,F,11/28/86,H,adult
2/25/17,12500(a) VC,M,6/2/85,W,adult
2/27/17,12500(a) VC,M,9/14/80,H,adult
3/18/17,12500(a) VC,M,1/9/96,H,adult
3/23/17,12500(a) VC,M,11/14/84,W,adult
4/2/17,12500(a) VC,M,11/1/80,H,adult
5/6/17,12500(a) VC,M,12/24/97,H,adult
6/17/17,12500(a) VC,M,11/2/76,H,adult
6/19/17,12500(a) VC,M,7/20/61,H,adult
6/20/17,12500(a) VC,M,12/23/94,W,adult
6/26/17,12500(a) VC,F,7/23/84,B,adult
6/27/17,12500(a) VC,F,9/13/69,H,adult
9/3/16,647(f) PC,M,6/20/82,P,adult
11/14/15,Bench Warrant,M,5/15/72,O,adult
8/25/17,12500(a) VC,M,6/12/97,H,adult
9/2/17,12500(a) VC,F,4/15/93,H,adult
9/7/17,12500(a) VC,M,11/3/82,B,adult
9/9/17,12500(a) VC,M,4/17/72,W,adult
4/16/16,O/W-Warrant,M,3/30/62,O,adult
9/16/17,12500(a) VC,M,9/15/96,H,adult
9/28/17,12500(a) VC,F,3/28/93,H,adult
11/12/17,12500(a) VC,M,3/8/83,H,adult
11/18/17,12500(a) VC,M,6/1/83,H,adult
1/23/18,12500(a) VC,M,10/16/97,H,adult
7/17/17,O/W-Warrant,M,8/17/83,B,adult
3/6/18,12500(a) VC,M,9/6/98,H,adult
3/30/18,12500(a) VC,M,1/27/70,W,adult
9/23/17,23152(a) VC,M,8/17/71,B,adult
4/7/18,12500(a) VC,M,11/6/49,H,adult
4/8/18,12500(a) VC,F,4/27/97,H,adult
4/10/18,12500(a) VC,M,11/27/87,W,adult
4/11/18,12500(a) VC,M,7/27/87,H,adult
4/26/18,12500(a) VC,M,4/30/59,H,adult
5/5/18,12500(a) VC,M,3/7/83,W,adult
5/12/18,12500(a) VC,M,11/8/65,W,adult
5/19/18,12500(a) VC,M,1/23/00,H,adult
5/26/18,12500(a) VC,M,12/9/93,B,adult
6/28/18,12500(a) VC,M,8/25/95,W,adult
7/19/18,12500(a) VC,F,8/8/88,H,adult
7/20/18,12500(a) VC,M,10/27/70,H,adult
8/2/18,12500(a) VC,M,1/6/99,H,adult
8/10/18,12500(a) VC,F,6/13/88,H,adult
8/12/18,12500(a) VC,M,5/12/69,W,adult
8/26/18,12500(a) VC,M,3/1/00,H,adult
9/1/18,12500(a) VC,M,2/23/51,W,adult
9/2/18,12500(a) VC,M,6/28/86,H,adult
9/6/18,12500(a) VC,M,6/1/99,H,adult
9/13/18,12500(a) VC,M,3/5/82,H,adult
9/13/18,12500(a) VC,M,8/29/90,H,adult
9/27/18,12500(a) VC,M,8/14/91,W,adult
10/3/18,12500(a) VC,F,12/31/85,W,adult
10/4/18,12500(a) VC,M,2/2/70,H,adult
10/11/18,12500(a) VC,M,8/20/98,W,adult
10/18/18,12500(a) VC,M,11/26/88,W,adult
12/20/18,12500(a) VC,M,10/25/00,H,adult
12/30/18,12500(a) VC,F,7/7/97,H,adult
1/28/19,12500(a) VC,M,3/17/92,H,adult
2/7/19,12500(a) VC,F,12/1/97,B,adult
2/12/19,12500(a) VC,M,11/12/95,W,adult
3/3/19,12500(a) VC,M,12/27/98,H,adult
3/18/19,12500(a) VC,M,3/23/89,H,adult
4/17/19,12500(a) VC,M,6/28/86,H,adult
5/5/19,12500(a) VC,M,3/6/70,H,adult
5/25/19,12500(a) VC,M,4/10/81,H,adult
7/9/19,12500(a) VC,M,3/21/35,H,adult
7/23/19,12500(a) VC,M,9/6/97,H,adult
8/2/19,12500(a) VC,M,4/24/96,H,adult
8/6/19,12500(a) VC,M,2/3/76,H,adult
8/9/19,12500(a) VC,M,6/17/43,W,adult
10/6/17,14601.1(a) VC,M,5/4/89,B,adult
8/10/19,12500(a) VC,M,1/4/82,W,adult
8/11/19,12500(a) VC,M,2/28/01,H,adult
8/18/19,12500(a) VC,M,3/5/00,W,adult
8/19/19,12500(a) VC,M,4/23/68,H,adult
8/19/19,12500(a) VC,M,7/2/73,H,adult
8/20/19,12500(a) VC,M,7/7/86,H,adult
8/23/19,12500(a) VC,M,11/2/68,W,adult
9/15/19,12500(a) VC,F,7/27/88,H,adult
12/9/19,12500(a) VC,M,11/8/01,H,adult
12/12/19,12500(a) VC,M,6/27/87,H,adult
12/14/19,12500(a) VC,M,8/18/80,W,adult
1/3/20,12500(a) VC,M,12/8/00,W,adult
1/3/20,12500(a) VC,M,10/21/01,H,adult
1/3/20,12500(a) VC,M,7/1/78,H,adult
1/4/20,12500(a) VC,M,1/15/94,W,adult
1/17/20,12500(a) VC,M,3/17/64,H,adult
1/18/20,12500(a) VC,M,11/26/88,W,adult
1/30/20,12500(a) VC,M,4/19/67,H,adult
2/19/20,12500(a) VC,M,4/12/00,H,adult
2/20/20,12500(a) VC,M,4/27/49,W,adult
2/23/20,12500(a) VC,M,7/7/78,H,adult
11/12/17,23152(a) VC,M,5/5/78,A,adult
5/8/20,12500(a) VC,M,1/4/01,H,adult
8/5/15,12500(a) VC,M,3/17/64,H,adult
2/20/17,12500(a) VC,M,8/7/57,H,adult
5/14/18,12500(a) VC,M,3/10/88,H,adult
9/15/15,12500(a) VC,F,6/15/76,H,adult
12/29/15,12500(a) VC,F,11/2/77,H,adult
7/30/16,12500(a) VC,M,9/3/79,H,adult
3/15/20,12500(a) VC,M,6/20/96,H,adult
4/28/17,32 PC,F,12/19/79,O,adult
11/30/18,12500(a) VC,M,6/16/79,H,adult
1/13/16,12500(d) VC,M,12/30/84,W,adult
5/16/17,12500(d) VC,M,4/25/98,H,adult
8/6/16,12500(a) VC,M,11/21/92,H,adult
4/15/16,12500(a) VC,M,4/10/65,H,adult
4/28/16,12500(a) VC,M,2/2/54,H,adult
8/16/16,12500(a) VC,M,6/20/96,H,adult
2/14/20,12500(a) VC,M,11/8/01,H,adult
7/1/16,12500(a) VC,M,6/18/58,W,adult
2/5/17,12500(a) VC,M,10/9/90,W,adult
7/2/17,12500(a) VC,F,7/25/98,O,adult
4/25/18,12500(a) VC,M,7/1/67,H,adult
7/17/18,12500(a) VC,M,9/17/87,H,adult
12/14/19,12500(a) VC,M,1/5/80,H,adult
6/14/19,12500(a) VC,F,3/5/00,W,adult
6/24/19,14601.1(a) VC,M,7/12/97,H,adult
5/17/18,14601(a)(1) VC,M,11/3/94,H,adult
11/5/15,14601.1(a) VC,M,1/24/92,W,adult
12/4/15,14601.1(a) VC,M,1/7/63,W,adult
8/11/15,496 PC,M,9/17/72,H,adult
6/17/16,14601.1(a) VC,M,1/21/87,W,adult
1/15/17,14601.1(a) VC,M,5/21/85,B,adult
4/20/17,14601.1(a) VC,M,4/19/67,H,adult
8/31/17,14601.1(a) VC,M,9/5/64,W,adult
11/24/17,14601.1(a) VC,M,9/22/80,H,adult
6/28/18,14601.1(a) VC,M,12/27/90,H,adult
1/20/19,14601.1(a) VC,F,1/21/82,H,adult
12/23/19,14601.1(a) VC,M,9/15/90,H,adult
7/5/15,14601.2(a) VC,M,12/14/88,W,adult
1/26/16,14601.2(a) VC,M,7/3/81,B,adult
3/20/16,14601.2(a) VC,F,11/22/93,H,adult
5/18/17,14601.2(a) VC,F,5/16/93,H,adult
7/3/18,14601.2(a) VC,M,3/12/89,B,adult
9/8/15,14601.1(a) VC,M,3/17/64,H,adult
3/12/17,14601.5 VC,M,6/5/59,W,adult
5/8/17,14601.1(a) VC,M,2/3/76,W,adult
11/9/17,14601.1(a) VC,F,2/21/87,W,adult
8/20/16,14601.1(a) VC,M,7/4/56,W,adult
8/12/19,14601.1(a) VC,M,3/23/61,W,adult
8/16/15,14601.1(a) VC,M,6/7/60,H,adult
10/3/15,14601.1(a) VC,M,11/28/79,W,adult
10/24/15,14601.1(a) VC,M,6/1/72,W,adult
11/21/15,14601.1(a) VC,F,5/16/76,W,adult
12/19/15,14601.1(a) VC,F,10/5/91,W,adult
12/29/15,14601.1(a) VC,M,10/23/75,W,adult
1/4/16,14601.1(a) VC,M,3/23/83,W,adult
1/24/16,14601.1(a) VC,M,2/3/76,W,adult
3/10/16,14601.1(a) VC,F,3/24/48,W,adult
5/4/16,14601.1(a) VC,M,5/17/70,W,adult
7/8/16,14601.1(a) VC,F,10/21/76,H,adult
7/11/16,14601.1(a) VC,M,12/10/91,H,adult
8/20/16,14601.1(a) VC,F,2/5/79,W,adult
9/17/16,14601.1(a) VC,M,8/17/71,B,adult
11/4/16,14601.1(a) VC,M,5/30/95,H,adult
1/5/17,14601.1(a) VC,M,12/23/94,W,adult
1/15/17,14601.1(a) VC,M,12/29/85,W,adult
1/22/17,14601.1(a) VC,F,9/7/58,W,adult
3/3/17,14601.1(a) VC,F,9/23/95,H,adult
3/5/17,14601.1(a) VC,M,10/8/74,W,adult
3/17/17,14601.1(a) VC,F,7/7/85,H,adult
3/20/17,14601.1(a) VC,M,6/20/86,W,adult
6/1/17,14601.1(a) VC,F,3/13/91,H,adult
7/6/17,14601.1(a) VC,M,7/11/65,W,adult
7/15/17,14601.1(a) VC,M,11/19/94,H,adult
8/31/17,14601.1(a) VC,M,12/27/62,W,adult
9/8/17,14601.1(a) VC,M,7/24/84,W,adult
9/17/17,14601.1(a) VC,F,11/16/90,W,adult
3/18/18,12500(a) VC,M,2/9/78,I,adult
10/7/17,14601.1(a) VC,M,12/6/67,H,adult
10/12/17,14601.1(a) VC,F,2/25/51,W,adult
10/22/17,14601.1(a) VC,M,4/14/95,H,adult
1/13/18,14601.1(a) VC,F,1/2/88,H,adult
1/22/18,14601.1(a) VC,F,11/3/94,H,adult
2/15/18,14601.1(a) VC,M,4/27/93,H,adult
5/26/18,14601.1(a) VC,M,1/7/63,W,adult
6/30/18,14601.1(a) VC,M,8/6/81,H,adult
7/11/18,14601.1(a) VC,M,9/2/83,W,adult
7/23/18,14601.1(a) VC,F,11/4/85,H,adult
8/5/18,14601.1(a) VC,F,10/1/95,H,adult
10/9/18,14601.1(a) VC,M,4/23/89,H,adult
11/13/18,14601.1(a) VC,M,11/3/94,H,adult
12/3/18,14601.1(a) VC,M,3/24/48,W,adult
12/13/18,14601.1(a) VC,M,10/16/86,W,adult
3/18/19,14601.1(a) VC,F,10/19/82,W,adult
5/16/19,14601.1(a) VC,M,10/9/68,W,adult
7/3/19,14601.1(a) VC,M,10/16/89,H,adult
7/5/19,14601.1(a) VC,M,1/3/98,H,adult
7/12/19,14601.1(a) VC,M,4/2/96,W,adult
7/18/19,14601.1(a) VC,M,11/19/98,H,adult
7/26/19,14601.1(a) VC,F,10/11/57,W,adult
7/28/19,14601.1(a) VC,M,1/3/98,H,adult
8/27/19,14601.1(a) VC,M,7/4/68,W,adult
12/15/19,14601.1(a) VC,M,3/29/89,H,adult
12/20/19,14601.1(a) VC,M,6/2/94,H,adult
1/18/20,14601.1(a) VC,M,2/3/76,W,adult
1/21/20,14601.1(a) VC,M,11/14/64,H,adult
1/24/20,14601.1(a) VC,F,8/23/80,W,adult
2/19/18,14601.1(a) VC,M,6/6/73,W,adult
7/12/17,14601.1(a) VC,M,6/26/98,H,adult
1/22/19,14601.1(a) VC,M,11/16/81,W,adult
7/29/18,14601.2(a) VC,F,11/10/81,H,adult
5/31/20,14601.2(a) VC,M,8/27/86,W,adult
7/11/15,14601.2(a) VC,M,7/13/94,H,adult
8/3/15,14601.2(a) VC,M,5/4/95,H,adult
8/29/15,14601.2(a) VC,M,7/27/68,W,adult
9/22/15,14601.2(a) VC,M,5/4/95,H,adult
10/30/15,14601.2(a) VC,M,9/30/95,W,adult
12/29/15,14601.2(a) VC,F,10/19/87,H,adult
1/2/16,14601.2(a) VC,M,2/2/74,W,adult
2/7/16,14601.2(a) VC,F,7/13/79,H,adult
4/16/16,14601.2(a) VC,F,11/30/69,W,adult
5/14/16,14601.2(a) VC,M,12/31/81,W,adult
9/2/16,14601.2(a) VC,M,5/18/62,W,adult
2/14/17,14601.2(a) VC,M,7/27/82,H,adult
3/1/17,14601.2(a) VC,M,6/20/96,H,adult
3/3/17,14601.2(a) VC,M,8/28/76,H,adult
7/19/17,14601.2(a) VC,M,9/14/84,W,adult
8/24/17,14601.2(a) VC,M,7/27/82,H,adult
8/25/17,14601.2(a) VC,M,1/29/82,H,adult
9/15/17,14601.2(a) VC,M,2/25/51,W,adult
9/5/15,Bench Warrant,M,10/2/86,H,adult
12/7/17,14601.2(a) VC,F,10/30/96,W,adult
2/17/18,14601.2(a) VC,F,10/30/96,W,adult
5/15/18,14601.2(a) VC,M,8/31/96,H,adult
5/15/18,14601.2(a) VC,M,1/12/68,W,adult
5/17/18,14601.2(a) VC,F,5/7/92,H,adult
6/18/18,14601.2(a) VC,M,1/10/86,H,adult
6/22/18,14601.2(a) VC,F,5/21/87,W,adult
2/6/19,14601.2(a) VC,M,12/20/81,H,adult
7/7/19,14601.2(a) VC,M,6/26/95,W,adult
1/13/20,14601.2(a) VC,M,12/30/76,W,adult
3/22/17,14601.2(b) VC,M,6/20/96,H,adult
1/11/16,14601.2(a) VC,M,2/16/88,W,adult
1/3/17,14601.2(a) VC,M,4/15/87,H,adult
10/29/18,14601.1(a) VC,M,4/28/99,H,adult
12/8/18,14601.1(a) VC,M,3/17/64,H,adult
8/16/16,12500(a) VC,M,2/21/54,H,adult
7/31/19,14601.1(a) VC,M,7/12/97,H,adult
9/7/15,14601.1(a) VC,M,5/16/76,W,adult
6/20/16,14601.1(a) VC,F,11/6/86,W,adult
2/2/18,14601(a)(1) VC,M,8/6/81,H,adult
12/1/18,14601(a)(1) VC,M,4/8/89,W,adult
1/3/16,14604(a) VC,F,9/26/72,W,adult
2/10/20,14604(a) VC,F,11/23/77,H,adult
2/14/20,14604(a) VC,F,6/23/81,H,adult
7/29/17,148(a) PC,f,3/7/80,H,adult
1/24/19,148(a) PC,F,11/7/63,W,adult
8/18/15,148(a)(1) PC,M,5/24/80,H,adult
1/26/17,148(a)(1) PC,M,8/25/92,H,adult
1/16/18,148(a)(1) PC,F,2/22/63,H,adult
2/9/18,148(a)(1) PC,M,7/18/83,H,adult
2/10/18,148(a)(1) PC,F,3/27/81,W,adult
8/6/18,148(a)(1) PC,M,6/3/89,W,adult
3/30/19,148(a)(1) PC,M,6/13/88,H,adult
4/8/19,148(a)(1) PC,M,3/17/64,H,adult
7/17/19,148(a)(1) PC,M,7/30/59,W,adult
7/19/19,148(a)(1) PC,M,10/18/79,H,adult
7/24/19,148(a)(1) PC,M,1/20/58,W,adult
12/1/19,148(a)(1) PC,M,1/7/63,W,adult
12/2/19,148(a)(1) PC,M,7/4/67,W,adult
6/9/18,148(a)(1) PC,M,11/11/98,H,adult
2/22/20,187(a) PC,M,3/25/89,W,adult
3/1/18,20001(a) VC,M,11/10/81,H,adult
2/4/16,20002(a) VC,M,10/15/96,H,adult
4/20/18,20002(a) VC,M,2/22/79,W,adult
10/19/18,20002(a) VC,M,2/25/74,H,adult
4/2/19,20002(a) VC,M,2/24/95,W,adult
7/17/19,20002(a) VC,M,7/30/59,W,adult
6/19/20,20002(a) VC,F,8/14/92,H,adult
7/21/17,207(a) PC,M,11/28/95,H,adult
9/6/17,207(a) PC,M,3/24/48,W,adult
4/14/17,211 PC,M,10/23/81,H,adult
8/23/18,211 PC,M,1/29/81,W,adult
4/15/17,21650 VC,M,2/27/74,H,adult
2/13/17,21950(a) VC,M,5/24/61,H,adult
9/9/18,21950(a) VC,M,2/9/00,H,adult
4/18/17,21950(d) VC,M,2/21/54,H,adult
5/16/17,21950(d) VC,M,12/24/97,H,adult
8/25/17,22210 PC,M,2/25/51,W,adult
1/9/17,23152(a) VC,M,9/16/82,H,adult
8/8/15,23152(a) VC,M,10/14/94,H,adult
3/2/17,23103(b) VC,M,12/9/98,H,adult
6/4/17,23123.5(a) VC,F,10/6/78,H,adult
4/27/19,23152(a) VC,M,5/19/99,H,adult
7/5/15,23152(a) VC,M,6/7/88,H,adult
4/21/17,69 PC,M,10/20/88,H,adult
7/17/15,23152(a) VC,M,2/9/72,H,adult
8/8/15,23152(a) VC,M,4/15/87,H,adult
9/5/15,23152(a) VC,M,11/23/82,W,adult
10/6/15,23152(a) VC,F,10/23/74,W,adult
12/13/15,23152(a) VC,M,4/15/93,W,adult
1/31/16,23152(a) VC,M,9/15/90,W,adult
2/4/16,23152(a) VC,M,8/17/92,H,adult
2/17/16,23152(a) VC,M,2/15/90,H,adult
3/23/16,23152(a) VC,M,5/21/84,W,adult
3/27/16,23152(a) VC,M,7/5/86,H,adult
4/14/16,23152(a) VC,M,3/1/88,W,adult
4/22/16,23152(a) VC,M,2/27/87,H,adult
6/24/16,23152(a) VC,M,12/11/52,W,adult
6/26/16,23152(a) VC,M,6/26/90,H,adult
7/4/16,23152(a) VC,M,1/20/67,W,adult
7/17/16,23152(a) VC,M,9/14/84,W,adult
7/23/16,23152(a) VC,M,4/7/96,H,adult
8/11/16,23152(a) VC,M,7/25/89,H,adult
8/27/16,23152(a) VC,M,8/14/89,H,adult
9/22/16,23152(a) VC,M,11/17/86,H,adult
10/23/16,23152(a) VC,M,5/30/95,H,adult
11/5/16,23152(a) VC,M,2/15/54,H,adult
12/15/16,23152(a) VC,F,7/30/94,W,adult
8/14/17,22349(b) VC,M,1/3/98,H,adult
3/20/17,23152(a) VC,M,3/28/67,H,adult
4/2/17,23152(a) VC,M,10/11/97,H,adult
4/8/17,23152(a) VC,F,12/4/62,W,adult
5/2/17,23152(a) VC,F,3/10/87,W,adult
7/5/17,23152(a) VC,M,6/15/79,H,adult
8/19/17,23152(a) VC,F,10/30/96,W,adult
9/1/17,23152(a) VC,M,6/18/90,W,adult
9/15/17,11377(a) H&S,M,5/22/75,H,adult
10/4/17,23152(a) VC,F,3/19/63,H,adult
10/6/17,23152(a) VC,M,8/10/93,H,adult
10/15/17,23152(a) VC,M,8/6/89,W,adult
11/3/17,23152(a) VC,M,7/7/90,W,adult
9/16/17,12500(a) VC,M,10/15/70,H,adult
11/23/17,23152(a) VC,M,4/20/96,H,adult
12/8/17,23152(a) VC,M,9/18/57,H,adult
12/20/17,23152(a) VC,M,5/13/98,W,adult
12/21/17,23152(a) VC,M,2/25/91,W,adult
12/30/17,23152(a) VC,M,1/28/74,H,adult
1/10/18,23152(a) VC,M,12/3/59,W,adult
1/13/18,23152(a) VC,M,6/12/84,W,adult
3/18/18,23152(a) VC,M,7/22/08,H,adult
3/25/18,23152(a) VC,M,9/25/96,W,adult
5/19/18,23152(a) VC,M,10/30/70,H,adult
6/27/18,23152(a) VC,M,5/21/90,W,adult
7/20/18,23152(a) VC,M,11/24/90,H,adult
9/8/18,23152(a) VC,M,11/12/85,H,adult
9/14/18,23152(a) VC,M,1/23/00,H,adult
9/29/18,23152(a) VC,F,9/28/89,W,adult
3/17/19,23152(a) VC,M,7/28/71,H,adult
6/17/19,23152(a) VC,M,8/5/54,H,adult
6/29/19,23152(a) VC,M,9/11/61,H,adult
7/4/19,23152(a) VC,M,11/16/87,H,adult
7/5/19,23152(a) VC,M,8/26/84,W,adult
12/21/19,23152(a) VC,M,8/24/98,H,adult
1/24/20,23152(a) VC,M,2/24/67,H,adult
4/4/20,23152(a) VC,M,11/5/80,H,adult
4/12/20,23152(a) VC,M,12/3/59,W,adult
6/13/20,23152(a) VC,M,10/9/96,H,adult
8/4/17,23152(a)VC,M,5/19/99,H,adult
12/30/17,23152(a)VC,F,7/15/88,W,adult
10/31/15,23152(d) VC,F,11/13/58,W,adult
4/19/16,23152(d) VC,M,12/3/87,H,adult
4/15/16,23152(e) VC,F,3/2/62,W,adult
10/24/16,23152(a) VC,M,12/18/88,H,adult
6/9/19,23152(a) VC,M,7/7/98,H,adult
7/31/15,23153(a) vc,M,8/28/72,H,adult
7/7/18,23153(a) VC,M,11/7/76,H,adult
4/29/17,23153(d) VC,M,11/8/86,W,adult
3/9/20,23152(a)VC,F,2/24/59,W,adult
4/30/16,23224(a) VC,M,4/13/97,H,adult
2/27/17,23224(a) VC,M,6/20/96,H,adult
4/30/16,23224(b) VC,M,4/23/96,H,adult
4/8/16,23558 VC,M,11/22/93,H,adult
7/20/16,236 PC,F,2/18/75,W,adult
11/8/18,236 PC,M,11/15/62,W,adult
3/8/20,236 PC,M,9/9/90,W,adult
5/4/18,236.1(c) PC,M,7/23/96,W,adult
10/28/16,23152(a) VC,m,1/14/84,W,adult
10/8/15,242 PC,M,12/8/55,W,adult
10/14/15,242 PC,F,4/5/96,H,adult
11/4/16,242 PC,M,8/12/64,H,adult
9/19/19,242 PC,M,1/28/95,W,adult
1/29/20,242 PC,M,3/9/85,H,adult
3/20/17,243(C)(1) PC,M,1/22/61,W,adult
8/9/16,243(d) PC,M,4/25/66,W,adult
8/25/18,243(d) PC,M,1/29/81,W,adult
7/21/19,243(d) PC,M,6/20/96,H,adult
5/26/20,243(dl PC,M,7/2/62,W,adult
1/1/20,243(e)(1) PC,F,3/5/00,B,adult
11/1/18,243(e)(1) PC,M,8/7/69,H,adult
8/10/15,243(e)(1) PC,M,7/14/79,H,adult
11/2/15,243(e)(1) PC,M,10/14/85,H,adult
2/12/16,243(e)(1) PC,M,1/7/63,W,adult
4/23/17,243(e)(1) PC,M,7/21/79,H,adult
3/26/20,243(e)(1) PC,M,11/8/98,H,adult
4/4/20,243(e)(1) PC,M,3/26/95,W,adult
12/28/17,12500(a) VC,M,12/22/97,O,adult
3/25/20,243(e)(1) PC,M,12/24/51,H,adult
9/23/15,245(a)(1) PC,M,4/4/56,H,adult
4/2/19,245(a)(1) PC,M,7/17/61,W,adult
6/6/19,245(a)(1) PC,M,2/10/62,W,adult
3/7/18,245(a)(4) PC,M,2/22/79,W,adult
1/1/16,245(a)(1) PC,M,4/25/66,W,adult
6/25/20,245(c) PC,M,3/9/85,H,adult
10/21/18,24601.2(a) VC,F,10/30/96,W,adult
8/3/16,25662(a) B&P,F,12/2/98,W,adult
4/11/17,25662(a) B&P,M,9/18/98,H,adult
4/22/19,261(a)(2) PC,M,3/28/00,H,adult
5/24/16,273.5(a) PC,M,11/28/95,H,adult
2/25/17,273.5(a) PC,M,6/7/88,H,adult
3/28/17,273.5(a) PC,M,9/9/97,H,adult
3/15/19,273.5(a) PC,F,4/23/76,B,adult
4/17/19,273.5(a) PC,M,8/7/64,H,adult
9/25/19,273.5(a) PC,M,9/12/93,H,adult
5/27/20,273.5(a) PC,M,9/13/86,H,adult
12/28/15,273.6(a) PC,M,3/17/64,H,adult
10/28/18,273.5 PC,M,1/20/70,W,adult
9/9/15,273.5(a) PC,M,12/3/91,H,adult
12/14/15,273.5(a) PC,M,11/6/90,H,adult
1/25/16,273.5(a) PC,M,2/3/78,W,adult
2/9/16,273.5(a) PC,M,11/15/77,W,adult
2/14/16,273.5(a) PC,F,2/17/89,W,adult
6/27/16,273.5(a) PC,M,4/4/78,W,adult
7/8/16,273.5(a) PC,M,9/24/67,H,adult
7/15/16,273.5(a) PC,M,6/24/82,H,adult
7/28/16,273.5(a) PC,F,3/10/82,W,adult
10/19/16,273.5(a) PC,M,9/17/82,H,adult
3/30/17,273.5(a) PC,M,11/9/69,H,adult
7/16/17,273.5(a) PC,M,6/26/84,W,adult
9/23/17,273.5(a) PC,M,8/30/83,H,adult
5/15/18,273.5(a) PC,M,3/29/94,H,adult
9/30/18,273.5(a) PC,F,1/10/97,W,adult
4/10/19,273.5(a) PC,M,1/6/77,W,adult
5/11/19,273.5(a) PC,M,2/27/92,H,adult
12/31/19,273.5(a) PC,M,9/12/93,H,adult
2/8/20,273.5(a) PC,M,1/7/63,W,adult
1/9/17,273.5(a) PC,M,4/15/87,H,adult
12/10/15,273.5(a) PC,M,10/22/62,W,adult
11/22/17,273.5(a) PC,M,9/18/87,H,adult
2/29/20,273.5(a) PC,M,2/27/90,W,adult
10/19/17,273.6(a) PC,M,1/7/63,W,adult
11/10/17,273.6(a) PC,M,1/7/63,W,adult
7/8/19,273.6(a) PC,M,1/7/63,W,adult
3/5/19,273.6(a) PC,M,6/13/88,H,adult
3/4/19,273a(a) PC,M,2/16/88,W,adult
4/4/19,273a(a) PC,M,11/16/87,H,adult
9/2/19,273a(a) PC,F,6/11/86,W,adult
9/7/19,273a(a) PC,M,8/12/89,H,adult
7/16/15,273a(a) PC,M,5/20/84,W,adult
4/13/17,273d(a) PC,M,1/4/84,W,adult
5/12/18,2800.2(a) VC,M,8/8/81,H,adult
10/14/16,288.5(a) PC,M,5/6/82,H,adult
8/24/16,288(a) PC,M,8/21/80,H,adult
5/17/18,288(a) PC,M,2/6/87,H,adult
5/12/17,30305(a) PC,M,5/10/88,W,adult
12/10/15,3056 PC,M,10/2/86,H,adult
3/3/16,3056 PC,F,12/2/82,W,adult
12/14/18,3056 PC,M,4/14/95,H,adult
5/28/17,31 VC,M,8/7/91,H,adult
12/29/16,32 PC,F,8/25/92,H,adult
11/17/17,14601.2(a) VC,M,8/7/77,H,adult
3/15/18,368(b)(1) PC,M,6/5/88,H,adult
8/3/17,Bench Warrant,M,3/24/48,W,adult
3/4/18,Bench Warrant,M,3/17/64,H,adult
2/6/18,Bench Warrant,M,1/7/63,W,adult
7/15/15,422 PC,M,10/2/86,H,adult
7/16/15,422 PC,M,9/15/47,H,adult
2/1/16,422 PC,M,1/23/92,H,adult
3/16/16,422 PC,M,6/7/94,W,adult
6/17/19,422 PC,M,1/1/75,H,adult
9/1/19,422 PC,M,7/6/80,H,adult
5/2/20,422 PC,M,7/6/80,H,adult
9/7/15,4573 PC,M,11/7/80,H,adult
9/23/16,4573 PC,M,9/18/91,H,adult
2/15/19,4573 PC,F,6/5/52,H,adult
12/28/19,4573 PC,M,6/13/88,H,adult
9/29/15,459 PC,M,8/30/90,B,adult
10/27/15,459 PC,M,8/25/96,H,adult
12/1/15,459 PC,M,4/9/80,H,adult
12/29/16,459 PC,M,2/6/93,H,adult
1/5/17,459 PC,F,12/21/91,W,adult
2/10/17,459 PC,F,11/10/93,W,adult
3/22/17,459 PC,M,6/16/86,W,adult
8/6/17,459 PC,M,6/7/99,H,adult
1/28/18,459 PC,M,10/11/57,W,adult
2/3/20,459 PC,M,1/21/91,W,adult
4/25/20,459 PC,M,10/8/98,H,adult
4/13/18,470(d) PC,F,10/26/79,H,adult
8/23/17,476 PC,F,12/17/77,W,adult
12/20/17,476 PC,F,8/25/95,W,adult
3/22/17,476(a) PC,f,11/16/81,W,adult
7/1/15,487(a) PC,F,1/27/81,W,adult
3/10/16,487(a) PC,F,11/16/81,W,adult
4/19/16,488 PC,M,9/18/91,H,adult
11/28/16,490.5(a) PC,M,6/17/86,W,adult
2/3/18,14601.1(a) VC,F,8/31/74,O,adult
7/19/16,496(a) PC,M,11/21/91,W,adult
9/4/16,496(a) PC,M,8/20/86,W,adult
10/7/16,496(a) PC,M,2/18/89,H,adult
3/7/18,496(a) PC,M,4/16/86,H,adult
11/3/18,496(a) PC,M,12/6/93,H,adult
10/7/16,496(a) PC,F,11/10/93,W,adult
3/7/18,496(a) PC,F,11/11/98,B,adult
1/26/18,496(d)(a) PC,M,5/2/80,W,adult
9/11/16,530.5(a) PC,M,4/29/85,W,adult
4/23/18,537(a)(1) PC,F,5/19/55,H,adult
10/27/15,594.2(a) PC,M,1/2/88,H,adult
9/5/18,594(b)(1) PC,M,6/3/89,W,adult
6/13/20,594(b)(1) PC,M,3/9/85,H,adult
12/12/16,602(1) PC,M,10/24/98,H,adult
6/9/18,602(k) PC,M,6/3/89,W,adult
8/8/15,602(L)(1) PC,M,3/17/64,H,adult
6/14/20,647(f) PC,M,11/30/98,W,adult
8/4/17,647(f) PC,M,1/20/58,W,adult
7/5/15,647(f) PC,M,1/6/91,H,adult
7/23/15,647(f) PC,M,1/20/58,W,adult
10/8/15,647(f) PC,M,6/4/68,H,adult
12/18/15,647(f) PC,M,3/24/95,W,adult
1/1/16,647(f) PC,M,4/18/97,W,adult
1/11/16,647(f) PC,M,4/2/83,H,adult
3/3/16,647(f) PC,F,9/19/96,W,adult
5/23/16,647(f) PC,M,4/25/66,W,adult
7/27/16,647(f) PC,M,7/19/80,H,adult
8/24/16,647(f) PC,M,1/20/58,W,adult
2/27/18,11377(a) H&S,M,12/19/79,O,adult
12/19/16,647(f) PC,M,1/20/58,W,adult
3/3/17,647(f) PC,M,1/20/58,W,adult
3/19/17,647(f) PC,M,1/20/58,W,adult
4/6/17,647(f) PC,M,1/20/58,W,adult
5/17/17,647(f) PC,F,1/2/69,W,adult
6/23/17,647(f) PC,M,1/20/58,W,adult
7/1/17,647(f) PC,M,12/29/86,H,adult
7/27/17,647(f) PC,M,1/20/58,W,adult
7/31/17,647(f) PC,M,1/20/58,W,adult
8/23/17,647(f) PC,M,1/20/58,W,adult
8/25/17,647(f) PC,M,8/6/90,W,adult
11/29/17,647(f) PC,M,6/3/89,W,adult
12/17/17,647(f) PC,M,2/13/90,W,adult
12/27/17,647(f) PC,F,2/10/70,W,adult
12/30/17,647(f) PC,M,10/6/69,H,adult
1/19/18,647(f) PC,M,1/2/58,W,adult
1/29/18,647(f) PC,M,6/3/89,W,adult
2/8/18,647(f) PC,F,12/19/79,W,adult
3/3/18,647(f) PC,M,10/31/91,H,adult
4/3/18,647(f) PC,F,3/30/80,W,adult
1/24/18,Bench Warrant,M,4/9/80,H,adult
4/7/18,647(f) PC,M,5/6/96,H,adult
5/30/18,647(f) PC,M,1/20/58,W,adult
6/16/18,647(f) PC,M,12/23/74,H,adult
3/14/19,647(f) PC,M,1/20/58,W,adult
4/7/19,647(f) PC,M,5/16/79,W,adult
5/31/19,647(f) PC,M,1/20/58,W,adult
6/8/19,647(f) PC,M,6/20/96,H,adult
7/14/19,647(f) PC,M,1/20/58,W,adult
8/16/19,647(f) PC,M,1/20/58,W,adult
9/14/19,647(f) PC,M,1/20/58,W,adult
2/1/20,647(f) PC,M,4/25/84,W,adult
2/2/20,647(f) PC,M,1/17/90,W,adult
2/2/20,647(f) PC,M,10/1/89,H,adult
3/22/20,647(f) PC,M,1/30/94,W,adult
4/21/20,647(f) PC,M,1/20/58,W,adult
6/15/20,647(f) PC,M,1/29/93,H,adult
8/15/17,647(f| PC,M,3/8/70,W,adult
2/2/20,647(f| PC,F,4/19/91,W,adult
8/29/15,647(h) PC,M,7/6/80,H,adult
6/18/18,647<f| PC,M,1/29/96,H,adult
8/13/19,647|f) PC,M,1/20/58,W,adult
1/12/19,647|f| PC,F,7/27/82,W,adult
4/19/19,664/187(a) PC,M,8/13/95,H,adult
10/29/17,664/451(a) PC,M,7/27/67,W,adult
9/4/15,69 PC,M,1/2/88,H,adult
3/6/18,12500(a) VC,M,11/11/71,H,adult
10/27/18,69 PC,F,2/15/96,H,adult
4/4/18,12500(a) VC,M,8/7/57,H,adult
12/28/19,69 PC,M,6/13/88,H,adult
5/26/20,69 PC,M,10/20/88,H,adult
5/3/16,777 W&l,M,10/19/95,H,adult
12/18/16,Bench Warrant,M,5/14/73,W,adult
7/3/15,Bench Warrant,M,5/16/93,H,adult
7/4/15,Bench Warrant,M,10/18/79,H,adult
7/21/15,Bench Warrant,F,8/25/92,H,adult
7/25/15,Bench Warrant,M,11/20/85,H,adult
7/30/15,Bench Warrant,M,6/17/86,W,adult
8/9/15,Bench Warrant,M,6/24/82,H,adult
8/17/15,Bench Warrant,M,1/31/77,H,adult
5/25/18,O/W-Warrant,F,11/8/64,H,adult
9/11/15,Bench Warrant,M,4/10/75,H,adult
10/2/15,Bench Warrant,M,10/20/88,H,adult
9/10/18,Bench Warrant,M,3/17/64,H,adult
11/15/15,Bench Warrant,M,10/18/79,H,adult
11/26/15,Bench Warrant,M,7/21/87,H,adult
1/9/16,Bench Warrant,M,5/4/83,H,adult
1/11/16,Bench Warrant,F,12/3/69,H,adult
1/19/16,Bench Warrant,f,1/2/69,W,adult
1/27/16,Bench Warrant,F,4/10/66,H,adult
1/27/16,Bench Warrant,M,5/29/63,W,adult
2/9/16,Bench Warrant,M,9/21/88,H,adult
3/29/16,Bench Warrant,M,7/15/90,W,adult
3/31/16,Bench Warrant,F,8/3/89,W,adult
4/21/16,Bench Warrant,M,1/2/88,H,adult
4/21/16,Bench Warrant,M,1/2/88,H,adult
4/27/16,Bench Warrant,M,11/21/91,W,adult
5/9/16,Bench Warrant,M,11/5/79,H,adult
5/10/16,Bench Warrant,F,1/2/69,W,adult
5/12/16,Bench Warrant,M,3/17/64,H,adult
5/24/16,Bench Warrant,M,3/24/48,W,adult
6/4/16,Bench Warrant,M,9/30/95,W,adult
6/5/16,Bench Warrant,M,5/16/93,H,adult
6/6/16,Bench Warrant,M,10/14/85,H,adult
6/6/16,Bench Warrant,M,3/24/48,W,adult
6/17/16,Bench Warrant,M,4/9/80,H,adult
6/21/16,Bench Warrant,M,5/29/63,W,adult
8/25/16,Bench Warrant,M,7/19/93,H,adult
9/13/16,Bench Warrant,M,3/17/64,H,adult
9/22/16,Bench Warrant,M,1/18/08,H,adult
9/30/16,Bench Warrant,F,1/2/69,W,adult
10/4/16,Bench Warrant,M,1/7/63,W,adult
11/7/16,Bench Warrant,M,4/2/96,H,adult
11/12/16,Bench Warrant,M,6/17/86,W,adult
11/28/16,Bench Warrant,M,7/25/89,H,adult
12/5/16,Bench Warrant,M,3/17/64,H,adult
12/18/16,Bench Warrant,M,5/6/50,W,adult
12/24/16,Bench Warrant,M,2/11/95,W,adult
1/4/17,Bench Warrant,M,10/14/85,H,adult
1/19/17,Bench Warrant,M,9/18/91,H,adult
1/26/17,Bench Warrant,F,8/25/92,H,adult
4/5/17,Bench Warrant,M,4/29/85,W,adult
4/10/17,Bench Warrant,M,7/11/95,W,adult
4/19/17,Bench Warrant,F,4/11/88,W,adult
5/11/17,Bench Warrant,M,4/20/86,H,adult
5/25/17,Bench Warrant,M,5/29/63,W,adult
6/1/17,Bench Warrant,M,1/20/58,W,adult
6/8/17,Bench Warrant,M,12/9/98,H,adult
8/4/17,Bench Warrant,M,2/11/95,W,adult
8/13/17,Bench Warrant,M,5/14/73,W,adult
9/11/17,Bench Warrant,M,1/7/63,W,adult
9/12/17,Bench Warrant,M,5/29/63,W,adult
10/2/17,Bench Warrant,F,6/20/86,W,adult
10/25/17,Bench Warrant,M,4/29/85,W,adult
10/26/17,Bench Warrant,M,9/18/93,H,adult
11/17/17,Bench Warrant,M,1/20/58,W,adult
12/13/17,Bench Warrant,M,2/11/95,W,adult
12/19/17,Bench Warrant,F,1/2/69,W,adult
11/27/18,11377(a) H&S,M,6/5/52,H,adult
2/23/18,Bench Warrant,F,10/30/96,W,adult
4/5/18,Bench Warrant,M,6/4/88,W,adult
4/7/18,Bench Warrant,M,2/11/95,W,adult
4/30/18,Bench Warrant,M,7/24/84,W,adult
5/2/18,Bench Warrant,M,1/7/63,W,adult
5/11/18,Bench Warrant,M,7/27/67,W,adult
5/17/18,Bench Warrant,M,8/30/90,B,adult
5/18/18,Bench Warrant,M,6/3/89,W,adult
6/15/18,Bench Warrant,M,5/29/63,W,adult
6/18/18,Bench Warrant,M,7/15/90,W,adult
7/5/18,Bench Warrant,F,10/30/96,W,adult
7/8/18,Bench Warrant,M,7/2/84,H,adult
7/9/18,Bench Warrant,M,2/3/76,W,adult
7/10/18,Bench Warrant,M,2/11/95,W,adult
8/9/18,Bench Warrant,M,1/7/63,W,adult
8/11/18,Bench Warrant,M,4/18/60,W,adult
4/7/19,69 PC,M,6/13/88,H,adult
9/17/18,Bench Warrant,M,5/29/63,W,adult
9/24/18,Bench Warrant,M,7/24/34,W,adult
10/3/18,Bench Warrant,M,9/25/96,W,adult
10/25/18,Bench Warrant,M,9/28/83,W,adult
10/31/18,Bench Warrant,F,8/25/95,W,adult
11/11/18,Bench Warrant,M,7/15/90,W,adult
11/16/18,Bench Warrant,M,4/20/96,H,adult
11/16/18,Bench Warrant,M,5/13/98,W,adult
12/3/18,Bench Warrant,M,1/20/58,W,adult
12/6/18,Bench Warrant,M,7/15/90,W,adult
12/10/18,Bench Warrant,M,2/3/76,W,adult
1/18/19,Bench Warrant,M,5/29/63,W,adult
1/25/19,Bench Warrant,M,3/17/64,H,adult
1/25/19,Bench Warrant,M,7/24/84,W,adult
2/26/19,Bench Warrant,M,2/11/95,W,adult
3/18/19,Bench Warrant,M,1/20/58,W,adult
4/3/19,Bench Warrant,M,2/11/95,W,adult
4/5/19,Bench Warrant,M,12/27/72,H,adult
5/7/19,Bench Warrant,F,11/26/77,W,adult
5/9/19,Bench Warrant,M,3/17/64,H,adult
5/10/19,Bench Warrant,M,5/29/63,W,adult
5/11/19,Bench Warrant,M,6/13/88,H,adult
5/12/19,Bench Warrant,M,3/24/48,W,adult
5/14/19,Bench Warrant,F,6/5/52,H,adult
8/9/19,12500(a) VC,M,12/14/98,H,adult
6/28/19,Bench Warrant,M,1/20/58,W,adult
7/11/19,Bench Warrant,M,2/16/88,W,adult
7/17/19,Bench Warrant,M,8/7/77,H,adult
7/25/19,Bench Warrant,M,3/17/64,H,adult
7/30/19,Bench Warrant,M,11/11/98,H,adult
8/23/19,Bench Warrant,M,5/29/63,W,adult
9/7/19,Bench Warrant,M,9/28/83,W,adult
12/5/19,Bench Warrant,M,1/20/58,W,adult
1/30/20,Bench Warrant,M,1/7/63,W,adult
2/27/20,Bench Warrant,M,10/11/57,W,adult
2/28/20,Bench Warrant,M,3/9/85,H,adult
1/16/20,Bpnch Warrant,M,8/30/90,B,adult
12/2/16,Bunch Warrant,M,8/8/60,W,adult
9/16/15,12500(a) VC,F,8/20/73,H,adult
3/19/20,647(f) PC,M,5/18/62,W,adult
7/12/16,Muni Code,M,8/8/60,W,adult
7/26/16,Muni Code,M,1/6/77,W,adult
8/15/19,O/W-Warrant,M,2/11/95,W,adult
4/30/16,O/W-Warrant,F,5/6/54,W,adult
7/7/17,O/W-Warrant,M,2/11/95,W,adult
11/5/18,O/W-Warrant,M,12/27/72,H,adult
4/7/18,647(f) PC,F,3/20/96,H,adult
8/15/16,O/W-Warrant,M,4/14/86,H,adult
10/18/16,O/W-Warrant,M,2/11/95,W,adult
11/12/16,O/W-Warrant,M,6/17/86,W,adult
2/24/17,O/W-Warrant,M,8/13/91,W,adult
4/13/17,O/W-Warrant,M,9/18/91,H,adult
6/3/17,O/W-Warrant,M,5/21/91,W,adult
6/20/17,O/W-Warrant,M,11/7/90,H,adult
10/14/17,O/W-Warrant,M,1/7/63,W,adult
10/23/17,O/W-Warrant,F,6/11/92,H,adult
1/1/18,O/W-Warrant,M,2/11/95,W,adult
1/4/18,O/W-Warrant,M,1/7/63,W,adult
4/12/18,O/W-Warrant,M,4/16/86,H,adult
5/11/18,O/W-Warrant,M,2/11/95,W,adult
6/26/19,Bench Warrant,F,12/19/79,O,adult
10/25/18,O/W-Warrant,F,7/6/60,W,adult
5/8/19,O/W-Warrant,M,2/2/79,H,adult
3/23/17,O/W-Warrant,M,1/10/82,W,adult
3/1/18,O/W-Warrant,M,1/7/63,W,adult
9/7/17,O/W-Warrant,M,1/7/63,W,adult
1/2/16,O/W-Warrant,F,9/21/74,H,adult
1/12/16,O/W-Warrant,M,10/14/85,H,adult
2/24/16,O/W-Warrant,M,12/13/71,W,adult
3/15/16,O/W-Warrant,M,8/3/90,W,adult
4/7/16,O/W-Warrant,M,1/7/63,W,adult
6/4/16,O/W-Warrant,M,9/18/91,H,adult
6/24/16,O/W-Warrant,F,10/8/83,W,adult
7/5/16,O/W-Warrant,F,8/19/56,W,adult
8/31/16,O/W-Warrant,M,2/11/95,W,adult
9/3/16,O/W-Warrant,M,1/22/83,W,adult
10/2/16,O/W-Warrant,M,2/18/89,H,adult
10/4/16,O/W-Warrant,F,4/6/74,W,adult
10/18/16,O/W-Warrant,M,3/12/59,H,adult
11/19/16,O/W-Warrant,F,3/14/79,W,adult
12/4/16,O/W-Warrant,M,12/27/72,H,adult
1/4/17,O/W-Warrant,F,11/10/93,W,adult
2/9/17,O/W-Warrant,M,2/18/89,H,adult
2/27/17,O/W-Warrant,M,2/11/95,W,adult
3/8/17,O/W-Warrant,M,3/11/81,W,adult
3/22/17,O/W-Warrant,M,1/7/63,W,adult
4/5/17,O/W-Warrant,F,7/10/75,W,adult
4/20/17,O/W-Warrant,F,5/17/70,W,adult
5/19/17,O/W-Warrant,M,2/11/95,W,adult
5/24/17,O/W-Warrant,F,4/6/74,W,adult
5/28/17,O/W-Warrant,M,4/11/88,W,adult
5/31/17,O/W-Warrant,F,6/28/83,H,adult
6/1/17,O/W-Warrant,M,7/24/72,B,adult
4/24/18,O/W-Warrant,F,2/19/86,A,adult
7/31/17,O/W-Warrant,M,12/17/86,W,adult
8/28/17,O/W-Warrant,M,7/31/63,W,adult
10/7/17,O/W-Warrant,F,7/7/85,H,adult
10/26/17,O/W-Warrant,M,1/29/81,W,adult
11/5/17,O/W-Warrant,M,2/11/95,W,adult
11/15/17,O/W-Warrant,M,9/26/85,H,adult
3/26/20,12500(a) VC,F,7/7/98,A,adult
12/15/17,O/W-Warrant,F,7/4/96,W,adult
1/20/18,O/W-Warrant,M,1/29/81,W,adult
1/31/18,O/W-Warrant,M,8/8/81,H,adult
2/1/18,O/W-Warrant,M,11/9/69,H,adult
2/8/18,O/W-Warrant,M,6/8/74,H,adult
2/11/18,O/W-Warrant,F,11/23/94,H,adult
2/27/18,O/W-Warrant,F,10/5/78,H,adult
3/10/18,O/W-Warrant,M,10/11/57,W,adult
3/10/18,O/W-Warrant,M,1/29/81,W,adult
3/11/18,O/W-Warrant,M,5/16/96,H,adult
3/19/18,O/W-Warrant,M,2/11/95,W,adult
3/29/20,243(e)(1) PC,M,3/21/77,I,adult
5/10/18,O/W-Warrant,M,7/31/63,W,adult
5/17/18,O/W-Warrant,M,11/3/94,H,adult
6/23/18,O/W-Warrant,M,6/4/88,W,adult
7/3/18,O/W-Warrant,M,4/16/86,H,adult
7/6/18,O/W-Warrant,M,1/7/63,W,adult
7/29/18,O/W-Warrant,F,8/2/86,H,adult
7/30/18,O/W-Warrant,M,12/16/78,W,adult
8/29/18,O/W-Warrant,M,1/7/63,W,adult
8/30/18,O/W-Warrant,M,2/11/95,W,adult
10/4/18,O/W-Warrant,M,2/26/90,W,adult
10/24/18,O/W-Warrant,M,8/27/89,W,adult
11/8/18,O/W-Warrant,M,6/3/89,W,adult
11/11/18,O/W-Warrant,F,2/26/88,H,adult
1/7/19,O/W-Warrant,M,6/2/74,H,adult
1/19/19,O/W-Warrant,M,4/29/85,W,adult
2/8/19,O/W-Warrant,M,2/11/95,W,adult
2/15/19,O/W-Warrant,F,6/5/52,H,adult
3/13/19,O/W-Warrant,M,11/26/69,H,adult
5/9/19,O/W-Warrant,M,11/21/91,W,adult
6/16/19,O/W-Warrant,M,8/14/68,B,adult
8/24/19,O/W-Warrant,M,4/27/89,W,adult
8/26/19,O/W-Warrant,M,9/20/80,W,adult
9/1/19,O/W-Warrant,M,12/31/93,W,adult
1/4/20,O/W-Warrant,F,2/8/90,H,adult
1/28/20,O/W-Warrant,M,1/7/63,W,adult
2/11/20,O/W-Warrant,F,6/5/52,H,adult
2/18/20,O/W-Warrant,F,8/19/56,W,adult
3/25/20,O/W-Warrant,M,1/6/77,W,adult
4/2/20,O/W-Warrant,M,1/7/63,W,adult
4/2/20,O/W-Warrant,M,3/30/81,H,adult
2/15/16,,F,4/2/99,W,adult